ID,"First Name","Last Name",Email,Gender,"IP Address"
1,Terrie,"di Rocca",tdirocca0@hao123.com,Female,55.112.103.199
2,Alyce,Leavy,aleavy1@hhs.gov,Female,57.174.32.91
3,Dulci,Prosch,dprosch2@imgur.com,Female,9.111.50.233
6,Clotilda,Buckley,cbuckley5@goo.ne.jp,Female,84.49.174.181
10,Horatia,Beven,hbeven9@youku.com,Female,1.172.189.237
14,Dorothy,Scramage,dscramaged@japanpost.jp,Female,38.158.8.41
16,Claudine,Blanckley,cblanckleyf@instagram.com,Female,229.163.203.163
20,Agnesse,Pelfer,apelferj@g.co,Female,67.156.56.147
21,Ki,Lewisham,klewishamk@google.ru,Female,13.180.91.27
24,Daffie,Struther,dstruthern@360.cn,Female,68.118.191.230
26,Cordi,Vanyushin,cvanyushinp@seesaa.net,Female,19.192.29.215
29,Coral,Leroy,cleroys@berkeley.edu,Female,233.193.14.40
32,Shanie,Jenicke,sjenickev@psu.edu,Female,67.1.37.119
33,Barby,Mulrooney,bmulrooneyw@rambler.ru,Female,170.85.233.72
34,Kameko,Dedham,kdedhamx@artisteer.com,Female,216.144.77.65
35,Cherish,Pipes,cpipesy@dyndns.org,Female,160.178.90.53
36,Monica,Early,mearlyz@wikipedia.org,Female,220.253.184.16
38,Myrlene,Filliskirk,mfilliskirk11@prlog.org,Female,55.255.31.128
40,Rebekkah,Stratiff,rstratiff13@jalbum.net,Female,166.67.34.132
41,Kata,Ghost,kghost14@devhub.com,Female,63.23.98.149
46,Dotty,Langrick,dlangrick19@nationalgeographic.com,Female,46.13.184.107
52,Gale,Lauder,glauder1f@devhub.com,Female,20.24.101.180
58,Jamima,"St. Leger",jstleger1l@adobe.com,Female,78.8.96.245
59,Josy,Jaksic,jjaksic1m@oakley.com,Female,27.92.162.240
60,Fanya,Willstrop,fwillstrop1n@google.pl,Female,180.157.45.71
61,Molly,Cristofalo,mcristofalo1o@edublogs.org,Female,91.253.99.137
62,Katleen,Purkess,kpurkess1p@hibu.com,Female,73.163.197.238
63,Aretha,Srawley,asrawley1q@dot.gov,Female,6.232.221.50
64,Jobye,Penkman,jpenkman1r@wiley.com,Female,237.133.121.183
65,Carroll,Surman-Wells,csurmanwells1s@instagram.com,Female,63.226.1.176
67,Pet,"Van Schafflaer",pvanschafflaer1u@microsoft.com,Female,198.143.194.61
70,Rheta,Leatt,rleatt1x@netvibes.com,Female,73.192.75.49
73,Fey,Osburn,fosburn20@dyndns.org,Female,96.72.252.18
75,Sadie,Cawdery,scawdery22@ask.com,Female,123.133.112.35
78,Daffi,Salandino,dsalandino25@over-blog.com,Female,23.137.129.190
82,Shari,Sprouls,ssprouls29@ebay.com,Female,237.215.63.105
83,Jyoti,Boldero,jboldero2a@jimdo.com,Female,149.7.154.67
86,Marena,Barden,mbarden2d@canalblog.com,Female,252.215.102.183
89,Rosie,Aubry,raubry2g@t.co,Female,128.12.55.7
92,Athena,Wainman,awainman2j@bluehost.com,Female,142.30.104.12
94,Codie,Sercombe,csercombe2l@icio.us,Female,235.55.244.218
96,Daphene,Beldam,dbeldam2n@zimbio.com,Female,215.57.153.238
98,Elsinore,Derell,ederell2p@chicagotribune.com,Female,218.5.67.29
