"Customer Id",Country
dE014d010c7ab0c,Macao
d794Dd48988d2ac,China
3b3Aa4aCc68f3Be,Macao
D60df62ad2ae41E,Nepal
73B22Ac8A43DD1A,Japan
ed3894D6DE7F711,Bangladesh
b1d4abfbCb67feE,"Sri Lanka"
aB3351247D3fCD8,China
60d62d8Dbb23C3B,China
e9eFc5d60ddc3ec,China
f02B9FbEb8Bebda,Vietnam
5cA80623F6C75de,Pakistan
bDD2ebC2Bb4EfeD,India
ccC3b8ae049544D,Nepal
6d8aa560CE110Dc,Malaysia
2bCCbaeaFfBe264,Bangladesh
67b2CF189EcFb5b,Bangladesh
A205c4fDc4AeD44,Nepal
4ae3d1e39eBA622,Japan
DDfd0EEF4B46Eb3,Bangladesh
EF0B773aE00C2dc,Singapore
e5cC6aa0B9F6b68,China
9446Eb5Ae23062D,Bangladesh
C0eA15D68D551b3,Nepal
BFB7C3A44Dd1e9e,Vietnam
88efB789aF1eAE5,Singapore
DB9fe0FB818Aba6,Bangladesh
fc0Af8936A663F1,Thailand
C84ecBaAEF865F5,Pakistan
F59f5AaF210DEAf,Vietnam
7B920F4cdC33Ac2,Thailand
C06E5CacB0AEabC,India
01AEbCbD0cB7cCd,Macao
EC8627a6230b960,"Sri Lanka"
1C6Dfa0EfEd96A3,Malaysia
b68E5a53fBb0C4A,China
a4Af4C89e95B721,Macao
42b9A4e192da5C6,Bangladesh
3b480808b1Db3d8,"Sri Lanka"
f573f7Daf3f97E6,Japan
A1Dd925888dCbEd,India
Fc9d9497A53568a,Bangladesh
9FF418832B9D63E,Pakistan
2b6221ca8A40B98,China
77DCBC5D6aba4CB,Japan
F02fBDABc21Cdc3,China
cdbf992db6BE7Ec,Thailand
FE4C2A12696Da3F,Thailand
06e8FD29ea896Aa,Indonesia
6140fD9b8bEf5da,Nepal
7c71384AabBEd7a,Malaysia
AD06dc859BACdBC,India
53a3B3aA7e63a0F,Pakistan
a90DaCCBF50263f,Nepal
DDbFba721AC7d3d,"Sri Lanka"
DBFCf4ef29d36d3,China
eccfaf82F414BFb,Malaysia
5EE87b91F488bEF,Macao
A5e1e33Ca19a55a,Thailand
dCAEa0C51c5BC79,Indonesia
abCf34aEAe47beD,"Sri Lanka"
d2f7Eb743D22D4E,Indonesia
fDeEA94e308E40B,Bangladesh
